{
  "name": "More Love Interests Mod",
  "version": "0.1.3.2",
  "styleFileList": [
    "module/css/moreLoveInterests.css"
  ],
  "scriptFileList": [
    "game/More_Love_Interest_Mod_Collab.js",
    "game/foodPreference.js",
    "game/More_Love_Interest_Mod_Drag.js"
  ],
  "tweeFileList": [
    "game/more_love_interest_food_preference.twee",
    "game/more_love_interest_box.twee",
    "game/more_love_interest_main.twee",
    "game/more_love_interest_icon.twee"
  ],
  "imgFileList": [],
  "addonPlugin": [
    {
      "modName": "TweeReplacer",
      "addonName": "TweeReplacerAddon",
      "modVersion": "1.0.0",
      "params": [
        {
          "passage": "Widgets Attitudes",
          "findString": "<<set _loveIntStart1 to $loveInterest.primary>>\n\t\t<<set _loveIntStart2 to $loveInterest.secondary>>\n\t\t<div id=\"loveInterest\" class=\"settingsToggleItem\">\n\t\t\t<div class=\"gold bold\">你認爲誰是你的戀人？</div>\n\t\t\t<<loveInterest>>\n\t\t</div>\n\t\t<<loveInterestFunction>>",
          "replace": "<div class='settingsToggleItem'><<moreLoveInterest>></div>",
          "_comment": "刪去原版的 主要/次要戀人 選項、戀人數量限制和終身伴侶特質效果，並新增模組的交互框"
        },
        {
          "passage": "Widgets",
          "findString": "{\n\t\t\t\t\tT.loveInterest = false;",
          "replace": "if (V.loveInterest.quaternary == T.npcData.nam) {T.loveInterest = true;} else if (V.loveInterest.quinary == T.npcData.nam) {T.loveInterest = true;} else if (V.loveInterest.senary == T.npcData.nam) {T.loveInterest = true;} else if (V.loveInterest.septenary == T.npcData.nam) {T.loveInterest = true;} else if (V.loveInterest.octonary == T.npcData.nam) {T.loveInterest = true;} else if (V.loveInterest.nonary == T.npcData.nam) {T.loveInterest = true;} else {T.loveInterest = false;",
          "_comment": "將設置爲戀人的NPC在社交欄內顯示戀人標記"
        },
        {
          "passage": "Mirror Locket",
          "findString": "($loveInterest.primary is _npc or $loveInterest.secondary is _npc)",
          "replace": "$loveInterestList.includes(_npc)",
          "_comment": "將設置爲戀人的NPC在同心吊飾頁面作爲可選項"
        },
        {
          "passage": "Widgets Avery",
          "findString": "<<if $loveInterest.primary is \"Avery\">>\n\t\t<<if $loveInterest.secondary isnot \"None\">>\n\t\t\t<<set $loveInterest.primary to $loveInterest.secondary>>\n\t\t\t<<set $loveInterest.secondary to \"None\">>\n\t\t<<else>>\n\t\t\t<<set $loveInterest.primary to \"None\">>\n\t\t<</if>>\n\t\t<span class = \"red\">艾弗里不再是你的愛人了。</span>\n\t<<elseif $loveInterest.secondary is \"Avery\">>\n\t\t<<set $loveInterest.secondary to \"None\">>\n\t\t<span class = \"red\">艾弗里不再是你的愛人了。</span>",
          "replace": "<<if $loveInterestList.includes(\"Avery\")>><<set $loveInterestList.delete(\"Avery\")>><<moreLoveInterestConfirm>><span class = \"red\">艾弗里不再是你的愛人了。</span>",
          "_comment": "放逐艾弗里時，從戀人列表中清除艾弗里"
        },
        {
          "passage": "Kylar Abduction Intro Kiss",
          "findString": "$loveInterest.primary is \"Kylar\" or $loveInterest.secondary is \"Kylar\"",
          "replace": "$loveInterestList.includes(\"Kylar\")",
          "_comment": "凱拉爾斯德哥爾摩綁架時，調整自願初吻和非自願初吻的判定條件"
        },
        {
          "passage": "Kylar Abduction Intro Bite",
          "findString": "$loveInterest.primary is \"Kylar\" or $loveInterest.secondary is \"Kylar\"",
          "replace": "$loveInterestList.includes(\"Kylar\")",
          "_comment": "凱拉爾斯德哥爾摩綁架時，調整自願初吻和非自願初吻的判定條件"
        },
        {
          "passage": "Kylar Abduction Rape Finish",
          "findString": "$loveInterest.primary is \"Kylar\" or $loveInterest.secondary is \"Kylar\"",
          "replace": "$loveInterestList.includes(\"Kylar\")",
          "_comment": "凱拉爾斯德哥爾摩綁架時，調整自願初吻和非自願初吻的判定條件"
        },
        {
          "passage": "Kylar Abduction Food Kiss",
          "findString": "$loveInterest.primary is \"Kylar\" or $loveInterest.secondary is \"Kylar\"",
          "replace": "$loveInterestList.includes(\"Kylar\")",
          "_comment": "凱拉爾斯德哥爾摩綁架時，調整自願初吻和非自願初吻的判定條件"
        },
        {
          "passage": "Kylar Basement Rape Finish",
          "findString": "$loveInterest.primary is \"Kylar\" or $loveInterest.secondary is \"Kylar\"",
          "replace": "$loveInterestList.includes(\"Kylar\")",
          "_comment": "凱拉爾放逐綁架時，調整自願初吻和非自願初吻的判定條件"
        },
        {
          "passage": "Widgets Kylar",
          "findString": "<<if $loveInterest.primary is \"Kylar\">>\n\t\t<<if $loveInterest.secondary isnot \"None\">>\n\t\t\t<<set $loveInterest.primary to $loveInterest.secondary>>\n\t\t\t<<set $loveInterest.secondary to \"None\">>\n\t\t<<else>>\n\t\t\t<<set $loveInterest.primary to \"None\">>\n\t\t<</if>>\n\t\t<span class=\"red\">凱拉爾已被監禁，<<nnpc_He \"Kylar\">>不再是你的愛人了。</span>\n\t<<elseif $loveInterest.secondary is \"Kylar\">>\n\t\t<<set $loveInterest.secondary to \"None\">>\n\t\t<span class=\"red\">凱拉爾已被監禁，<<nnpc_He \"Kylar\">>不再是你的愛人了。</span>",
          "replace": "<<if $loveInterestList.includes(\"Kylar\")>><<set $loveInterestList.delete(\"Kylar\")>><<moreLoveInterestConfirm>><span class=\"red\">凱拉爾已被監禁，<<nnpc_He \"Kylar\">>不再是你的愛人了。</span>",
          "_comment": "放逐凱拉爾時，從戀人列表中清除凱拉爾"
        },
        {
          "passage": "Widgets Whitney",
          "findString": "<<if $loveInterest.primary is \"Whitney\">>\n\t\t<<if $loveInterest.secondary isnot \"None\">>\n\t\t\t<<set $loveInterest.primary to $loveInterest.secondary>>\n\t\t\t<<set $loveInterest.secondary to \"None\">>\n\t\t<<else>>\n\t\t\t<<set $loveInterest.primary to \"None\">>\n\t\t<</if>>\n\t\t<span class = \"red\">惠特尼不再是你的愛人了。</span>\n\t<<elseif $loveInterest.secondary is \"Whitney\">>\n\t\t<<set $loveInterest.secondary to \"None\">>\n\t\t<span class = \"red\">惠特尼不再是你的愛人了。</span>",
          "replace": "<<if $loveInterestList.includes(\"Whitney\")>><<set $loveInterestList.delete(\"Whitney\")>><<moreLoveInterestConfirm>><span class=\"red\">惠特尼不再是你的愛人了。</span>",
          "_comment": "放逐惠特尼時，從戀人列表中清除惠特尼"
        }
      ]
    },
    {
      "modName": "ReplacePatcher",
      "addonName": "ReplacePatcherAddon",
      "modVersion": "1.0.0",
      "params": {
        "js": [
          {
            "from": "V.loveInterest.secondary !== \"None\"",
            "to": "V.loveInterest.secondary !== \"None\" && false",
            "fileName": "time.js",
            "_comment": "取消原版意識等級降低/升高後，引起戀人數量變化的提示"
          },
          {
            "from": "V.loveInterestAwareMessage",
            "to": "V.loveInterestAwareMessage && false",
            "fileName": "time.js",
            "_comment": "取消原版意識等級降低/升高後，引起戀人數量變化的提示"
          }
        ]
      }
    }
  ],
  "dependenceInfo": [
    {
      "modName": "TweeReplacer",
      "version": ">=1.0.0"
    },
    {
      "modName": "ReplacePatcher",
      "version": "^1.0.0"
    },
    {
      "modName": "GameVersion",
      "version": ">=0.5.3.0"
    }
  ]
}