{
  "name": "Custom-Spellbook",
  "version": "1.0.0",
  "additionFile": [
    "passwordHint.txt"
  ],
  "styleFileList": [],
  "tweeFileList": [],
  "imgFileList": [],
  "replacePatchList": [],
  "scriptFileList_preload": [],
  "scriptFileList": [],
  "additionBinaryFile": [
    "Custom-Spellbook-1.0.0.mod.zip.crypt",
    "Custom-Spellbook-1.0.0.mod.zip.salt",
    "Custom-Spellbook-1.0.0.mod.zip.nonce"
  ],
  "scriptFileList_earlyload": [
    "earlyload.js"
  ],
  "scriptFileList_inject_early": [
    "SimpleCryptWrapper.js"
  ],
  "dependenceInfo": [
    {
      "modName": "ModLoader",
      "version": "^2.5.1"
    },
    {
      "modName": "SweetAlert2Mod",
      "version": "^1.0.0"
    }
  ]
}