{
  "name": "Cheat-Lyra",
  "version": "1.1.2",
  "styleFileList": [],
  "scriptFileList": [],
  "tweeFileList": [],
  "imgFileList": [],
  "additionFile": ["README.md"],
  "addonPlugin": [
    {
      "modName": "TweeReplacer",
      "addonName": "TweeReplacerAddon",
      "modVersion": "^1.2.0",
      "params": [
        {
          "passage": "StoryCaption",
          "findString": "and $cheatdisable is \"f\" or $debug is 1",
          "replace": "or $debug is 1",
          "debug": false,
          "all": true
        },
        {
          "passage": "Widgets variablesStart2",
          "findString": "<<set $feats.locked to true>>",
          "replace": " ",
          "debug": false,
          "all": true
        },
        {
          "passage": "Widgets variablesVersionUpdate",
          "findString": "<<set $feats.locked to true>>",
          "replace": " ",
          "debug": false,
          "all": true
        },
        {
          "passage": "Widgets Settings",
          "findString": "<<set $feats.locked to true>>",
          "replace": " ",
          "debug": false,
          "all": true
        },
        {
          "passage": "Island Build Simple Decor",
          "findRegex": "Util\\.escape\\((.*)\\)\\.replace\\(.*\\).replace\\(.*\\)",
          "replace": "Util.escape($1)",
          "debug": false,
          "all": true
        },
        {
          "passage": "Museum Horse Safe Word",
          "findRegex": "Util\\.escape\\((.*)\\)\\.replace\\(.*\\).replace\\(.*\\)",
          "replace": "Util.escape($1)",
          "debug": false,
          "all": true
        },
        {
          "passage": "Widgets Furniture",
          "findRegex": "Util\\.escape\\((.*)\\)\\.replace\\(.*\\).replace\\(.*\\)",
          "replace": "Util.escape($1)",
          "debug": false,
          "all": true
        }
      ]
    }
  ],
  "dependenceInfo": [
    {
      "modName": "TweeReplacer",
      "version": "^1.6.0"
    }
  ]
}
