{
  "name": "cheat extended",
  "version": "1.16.2(dev)",
  "styleFileList": [
    "css/CE_CSS.css"
  ],
  "scriptFileList": [
    "scripts/CE_Time_Event.js",
    "scripts/CE_getTargetWarmth2.js"
  ],
  "tweeFileList": [
    "game/Widgets cheat_extended.twee",
    "game/Bccm/bccmeditor.twee",
    "game/ccplot.twee",
    "game/随身衣柜.twee",
    "game/yanling.twee",
    "game/Ce_tattoo_widget.twee",
    "game/test_widget.twee",
    "game/auto_clothes_Warmth.twee"
  ],
  "imgFileList": [],
  "scriptFileList_inject_early": [
    "scriptEarly/CERegist.js"
  ],
  "additionFile": [
    "addon-replace/Widgets Dance Audience.txt",
    "addon-replace/Widgets Market_1.txt",
    "addon-replace/Widgets Market_2.txt",
    "addon-replace/Widgets State Man_1.txt",
    "addon-replace/Widgets State Man_2.txt",
    "addon-replace/Widgets_3.txt",
    "addon-replace/Widgets_4.txt",
    "addon-replace/Widgets_5.txt",
    "readme.md",
    "LICENSE.txt"
  ],
  "addonPlugin": [
    {
      "modName": "TweeReplacer",
      "addonName": "TweeReplacerAddon",
      "modVersion": "1.0.0",
      "params": [ 
        {
          "passage": "StoryCaption",
          "findString": "and $cheatdisable is \"f\" or $debug is 1",
          "replace": "or $debug is 1",
          "debug": false,
          "all": true
        },
        {
          "passage": "Widgets variablesStart2",
          "findString": "<<set $feats.locked to true>>",
          "replace": " ",
          "debug": false,
          "all": true
        },
        {
          "passage": "Widgets variablesVersionUpdate",
          "findString": "<<set $feats.locked to true>>",
          "replace": " ",
          "debug": false,
          "all": true
        },
        {
          "passage": "Widgets Settings",
          "findString": "<<set $feats.locked to true>>",
          "replace": " ",
          "debug": false,
          "all": true
        },
        {
          "passage": "Island Build Simple Decor",
          "findRegex": "Util\\.escape\\((.*)\\)\\.replace\\(.*\\).replace\\(.*\\)",
          "replace": "Util.escape($1)",
          "debug": false,
          "all": true
        },
        {
          "passage": "Museum Horse Safe Word",
          "findRegex": "Util\\.escape\\((.*)\\)\\.replace\\(.*\\).replace\\(.*\\)",
          "replace": "Util.escape($1)",
          "debug": false,
          "all": true
        },
        {
          "passage": "Widgets Furniture",
          "findRegex": "Util\\.escape\\((.*)\\)\\.replace\\(.*\\).replace\\(.*\\)",
          "replace": "Util.escape($1)",
          "debug": false,
          "all": true
        },
        {
          "passage": "Widgets",
          "findString": "\t\t\t<<set $pain += (_violence * _painMod * (1 - ($masochism / 1200)) * (1 - ($sciencetrait / 10)) / _possessMod)>>",
          "replaceFile": "addon-replace/Widgets_3.txt"
        },
        {
          "passage": "Widgets",
          "findString": "\t\t\t<<set $pain += (_violence * _painMod * (1 - ($masochism / 1200)) * (1 - ($sciencetrait / 10)))>>",
          "replaceFile": "addon-replace/Widgets_4.txt"
        },
        {
          "passage": "Widgets",
          "findString": "\t\t<<set $enemyhealth -= _thedamage>>",
          "replaceFile": "addon-replace/Widgets_5.txt"
        },
        {
          "passage": "Widgets Bodywriting",
          "findString": "\"<span class=\"purple\"><<print $skin[_active_bodypart].writ_cn>></span>\"",
          "replace": "<<CE_tattoo_color>>"
        },
        {
          "passage": "Widgets Market",
          "findString": "<<widget \"stall_sell_actions\">>",
          "replaceFile": "addon-replace/Widgets Market_1.txt"
        },
        {
          "passage": "Widgets Market",
          "findString": "\t<<if $stall_amount gte $plants[$stall_plant].amount>>",
          "replaceFile": "addon-replace/Widgets Market_2.txt",
          "all": true
        },
        {
          "passage": "Widgets Orgasm",
          "findString": "<<if $milk_amount lt _milk_released>>",
          "replace": "<<milk_releasedFIX _milk_released>>\n\t<<set _milk_released += $milk_releasedFIX>>\n\t<<if $milk_amount lt _milk_released>>"
        },
        {
          "passage": "Widgets State Man",
          "findString": "\t\t\t\t<span class=\"green\"><<He>>吃痛退開。</span>\n\t\t\t\t<<combatcontrol 15>><<def 10>>\n\t\t\t<</if>>",
          "replaceFile": "addon-replace/Widgets State Man_1.txt"
        },
        {
          "passage": "Widgets State Man",
          "findString": "\t\t\t<<if $enemyanger gte $enemyangermax>>",
          "replaceFile": "addon-replace/Widgets State Man_2.txt"
        },
        {
          "passage": "Widgets Dance Audience",
          "findString": "\t\t\t\t<<set $dancetip *= 1 + ($mathstrait / 4)>>",
          "replaceFile": "addon-replace/Widgets Dance Audience.txt"
        }
      ]
    }
  ],
  "dependenceInfo": [
    {
      "modName": "ModLoader",
      "version": ">=2.17.0"
    },
    {
      "modName": "ModLoader DoL ImageLoaderHook",
      "version": ">=1.0.0"
    },
    {
      "modName": "TweeReplacer",
      "version": ">=1.0.0"
    },
    {
      "modName": "Simple Frameworks",
      "version": ">=1.15.3"
    },
    {
      "modName": "GameVersion",
      "version": ">=0.5.0.5"
    }
  ]
}