{
  "name": "ModI18N",
  "version": "1.3.0a",
  "styleFileList": [
    "css-base-i18n-fix.css"
  ],
  "scriptFileList": [],
  "tweeFileList": [],
  "imgFileList": [
    "img/misc/old/banner.png",
    "img/misc/locations/banner/banner_text_bloodmoon.png",
    "img/misc/locations/banner/banner_snow_blood.png",
    "img/misc/locations/banner/banner_snow.png",
    "img/misc/locations/banner/banner_text.png"
  ],
  "scriptFileList_inject_early": [
    "patch-formatList.js",
    "dist/i18nLoad.js"
  ],
  "scriptFileList_earlyload": [
    "dist/earlyload/earlyload.js"
  ],
  "scriptFileList_preload": [
    "dist/preload/preload.js"
  ],
  "additionFile": [
    "README.md",
    "i18n.json"
  ],
  "addonPlugin": [
    {
      "modName": "ModLoader DoL ImageLoaderHook",
      "addonName": "ImageLoaderAddon",
      "modVersion": "^2.3.0",
      "params": []
    },
    {
      "modName": "ImageLoaderHook2BeautySelectorAddon",
      "addonName": "ImageLoaderHook2BeautySelectorAddon",
      "modVersion": "^1.0.0",
      "params": {
        "dontCovertMe": true
      }
    }
  ],
  "dependenceInfo": [
    {
      "modName": "ModLoader",
      "version": "^2.31.2"
    },
    {
      "modName": "GameVersion",
      "version": "=0.5.4.9"
    },
    {
      "modName": "ModLoader DoL ImageLoaderHook",
      "version": "^2.3.0"
    }
  ]
}